{
	"9101":{
		"id":9101,
		"gridType":1
	},
	"9102":{
		"id":9102,
		"gridType":1
	},
	"9103":{
		"id":9103,
		"gridType":1
	},
	"9104":{
		"id":9104,
		"gridType":1
	},
	"9105":{
		"id":9105,
		"gridType":1
	},
	"9201":{
		"id":9201,
		"gridType":1
	},
	"9202":{
		"id":9202,
		"gridType":1
	},
	"9203":{
		"id":9203,
		"gridType":1
	},
	"9204":{
		"id":9204,
		"gridType":1
	},
	"9205":{
		"id":9205,
		"gridType":1
	},
	"9206":{
		"id":9206,
		"gridType":1
	},
	"9207":{
		"id":9207,
		"gridType":1
	},
	"9208":{
		"id":9208,
		"gridType":1
	},
	"9209":{
		"id":9209,
		"gridType":1
	},
	"9210":{
		"id":9210,
		"gridType":1
	},
	"9211":{
		"id":9211,
		"gridType":1
	},
	"9212":{
		"id":9212,
		"gridType":1
	},
	"9213":{
		"id":9213,
		"gridType":1
	},
	"9301":{
		"id":9301,
		"gridType":2
	},
	"9302":{
		"id":9302,
		"gridType":2
	},
	"9303":{
		"id":9303,
		"gridType":2
	},
	"9304":{
		"id":9304,
		"gridType":2
	},
	"9305":{
		"id":9305,
		"gridType":2
	},
	"9306":{
		"id":9306,
		"gridType":2
	},
	"9307":{
		"id":9307,
		"gridType":2
	},
	"9308":{
		"id":9308,
		"gridType":2
	},
	"9309":{
		"id":9309,
		"gridType":2
	},
	"9310":{
		"id":9310,
		"gridType":2
	},
	"9311":{
		"id":9311,
		"gridType":2
	},
	"9312":{
		"id":9312,
		"gridType":2
	},
	"9313":{
		"id":9313,
		"gridType":2
	},
	"9314":{
		"id":9314,
		"gridType":2
	},
	"9315":{
		"id":9315,
		"gridType":2
	},
	"9316":{
		"id":9316,
		"gridType":2
	},
	"9317":{
		"id":9317,
		"gridType":2
	},
	"9318":{
		"id":9318,
		"gridType":2
	},
	"9319":{
		"id":9319,
		"gridType":2
	},
	"9320":{
		"id":9320,
		"gridType":2
	},
	"9321":{
		"id":9321,
		"gridType":2
	},
	"9322":{
		"id":9322,
		"gridType":2
	},
	"9323":{
		"id":9323,
		"gridType":2
	},
	"9324":{
		"id":9324,
		"gridType":2
	},
	"9325":{
		"id":9325,
		"gridType":2
	},
	"9326":{
		"id":9326,
		"gridType":2
	},
	"9327":{
		"id":9327,
		"gridType":2
	},
	"9328":{
		"id":9328,
		"gridType":2
	},
	"9329":{
		"id":9329,
		"gridType":2
	},
	"9330":{
		"id":9330,
		"gridType":2
	},
	"9331":{
		"id":9331,
		"gridType":2
	},
	"9332":{
		"id":9332,
		"gridType":2
	},
	"9333":{
		"id":9333,
		"gridType":2
	},
	"9334":{
		"id":9334,
		"gridType":2
	},
	"9335":{
		"id":9335,
		"gridType":2
	}
}
